R&D Spend,Administration,Marketing Spend,State,Revenue,Customers,CAC,LTV,Expenses,Burn_Rate,Run_Rate,LTV_CAC_Ratio,Month,Cohort
165349.2,136897.8,471784.1,New York,192261.83,472,999.5425847457626,407.3343855932203,774031.1,581769.27,2307141.96,0.4075207918198176,2023-01-31,2023-01
162597.7,151377.59,443898.53,California,191792.06,444,999.771463963964,431.9640990990991,757873.8200000001,566081.76,2301504.7199999997,0.4320628410281061,2023-02-28,2023-02
153441.51,101145.55,407934.54,Florida,191050.39,408,999.8395588235294,468.2607598039216,662521.6,471471.20999999996,2292604.68,0.46833590016672777,2023-03-31,2023-03
144372.41,118671.85,383199.62,New York,182901.99,384,997.9156770833333,476.30726562499996,646243.88,463341.89,2194823.88,0.47730211736640027,2023-04-30,2023-04
142107.34,91391.77,366168.42,Florida,166187.94,367,997.7341144414169,452.828174386921,599667.53,433479.59,1994255.28,0.45385656141509967,2023-05-31,2023-05
131876.9,99814.71,362861.36,New York,156991.12,363,999.6180716253443,432.4824242424242,594552.97,437561.85,1883893.44,0.43264766466178706,2023-06-30,2023-06
134615.46,147198.87,127716.82,California,156122.51,128,997.78765625,1219.707109375,409531.14999999997,253408.63999999996,1873470.12,1.2224115038254162,2023-07-31,2023-07
130298.13,145530.06,323876.68,Florida,155752.6,324,999.6193827160494,480.71790123456793,599704.87,443952.27,1869031.2000000002,0.48090094044436915,2023-08-31,2023-08
120542.52,148718.95,311613.29,New York,152211.77,312,998.7605448717948,487.85823717948716,580874.76,428662.99,1826541.2399999998,0.48846366597522206,2023-09-30,2023-09
123334.88,108679.17,304981.62,California,149759.96,305,999.939737704918,491.01626229508196,536995.6699999999,387235.70999999996,1797119.52,0.49104585384522514,2023-10-31,2023-10
101913.08,110594.11,229160.95,Florida,146121.95,230,996.3519565217392,635.3128260869565,441668.14,295546.19,1753463.4000000001,0.637638960739166,2023-11-30,2023-11
100671.96,91790.61,249744.55,California,144259.4,250,998.9781999999999,577.0376,442207.12,297947.72,1731112.7999999998,0.577627820106585,2023-12-31,2023-12
93863.75,127320.38,249839.44,Florida,141585.52,250,999.35776,566.34208,471023.57,329438.05000000005,1699026.2399999998,0.5667060412879568,2024-01-31,2024-01
91992.39,135495.07,252664.93,California,134307.35,253,998.6756126482213,530.8590909090909,480152.39,345845.04000000004,1611688.2000000002,0.5315630863373085,2024-02-29,2024-02
119943.24,156547.42,256512.92,Florida,132602.65,257,998.1047470817122,515.9636186770427,533003.5800000001,400400.93000000005,1591231.7999999998,0.5169433570831441,2024-03-31,2024-03
114523.61,122616.84,261776.23,New York,129917.04,262,999.1459160305344,495.86656488549613,498916.68000000005,368999.6400000001,1559004.48,0.4962904385932977,2024-04-30,2024-04
78013.11,121597.55,264346.06,California,126992.93,265,997.5323018867924,479.2186037735849,463956.72,336963.79,1523915.16,0.480404096054997,2024-05-31,2024-05
94657.16,145077.58,282574.31,New York,125370.37,283,998.4957950530036,443.00484098939927,522309.05,396938.68,1504444.44,0.44367221492994174,2024-06-30,2024-06
91749.16,114175.79,294919.57,Florida,124266.9,295,999.7273559322034,421.2437288135593,500844.52,376577.62,1491202.7999999998,0.42135860973891964,2024-07-31,2024-07
86419.7,153514.11,0.0,New York,122776.86,1,0.0,122776.86,239933.81,117156.95,1473322.32,inf,2024-08-31,2024-08
76253.86,113867.3,298664.47,California,118474.03,299,998.8778260869565,396.23421404682273,488785.63,370311.6,1421688.3599999999,0.3966793572733978,2024-09-30,2024-09
78389.47,153773.43,299737.29,New York,111313.02,300,999.1243,371.0434,531900.19,420587.1699999999,1335756.24,0.3713686074895787,2024-10-31,2024-10
73994.56,122782.75,303319.26,Florida,110352.25,304,997.7607236842106,363.00082236842104,500096.57,389744.32,1324227.0,0.3638155058139071,2024-11-30,2024-11
67532.53,105751.03,304768.73,Florida,108733.99,305,999.241737704918,356.5048852459017,478052.29,369318.3,1304807.8800000001,0.356775414590598,2024-12-31,2024-12
77044.01,99281.34,140574.81,New York,108552.04,141,996.9844680851064,769.8726241134751,316900.16,208348.12,1302624.48,0.7722012215417541,2025-01-31,2025-01
64664.71,139553.16,137962.62,California,107404.34,138,999.7291304347825,778.2923188405797,342180.49,234776.15,1288852.08,0.7785031916616255,2025-02-28,2025-02
75328.87,144135.98,134050.07,Florida,105733.54,135,992.9634814814815,783.2114074074074,353514.92000000004,247781.38000000006,1268802.48,0.7887615426086685,2025-03-31,2025-03
72107.6,127864.55,353183.81,New York,105008.31,354,997.6943785310734,296.6336440677966,553155.96,448147.64999999997,1260099.72,0.2973191494819652,2025-04-30,2025-04
66051.52,182645.56,118148.2,Florida,103282.38,119,992.8420168067227,867.9191596638656,366845.28,263562.9,1239388.56,0.8741765003614106,2025-05-31,2025-05
65605.48,153032.06,107138.38,New York,101004.64,108,992.0220370370371,935.2281481481482,325775.92,224771.27999999997,1212055.68,0.9427493676869111,2025-06-30,2025-06
61994.48,115641.28,91131.24,Florida,99937.59,92,990.5569565217392,1086.278152173913,268767.0,168829.41,1199251.08,1.096633711996018,2025-07-31,2025-07
61136.38,152701.92,88218.23,New York,97483.56,89,991.2160674157303,1095.3208988764045,302056.53,204572.97000000003,1169802.72,1.1050273849293961,2025-08-31,2025-08
63408.86,129219.61,46085.25,California,97427.84,47,980.5372340425532,2072.932765957447,238713.72,141285.88,1169134.08,2.1140785826267625,2025-09-30,2025-09
55493.95,103057.49,214634.81,Florida,96778.92,215,998.3014418604652,450.134511627907,373186.25,276407.33,1161347.04,0.4509003921591283,2025-10-31,2025-10
46426.07,157693.92,210797.67,California,96712.8,211,999.0410900473935,458.35450236966824,414917.66000000003,318204.86000000004,1160553.6,0.45879444492911137,2025-11-30,2025-11
46014.02,85047.44,205517.64,New York,96479.51,206,997.6584466019418,468.3471359223301,336579.1,240099.58999999997,1157754.1199999999,0.4694463696644239,2025-12-31,2025-12
28663.76,127056.21,201126.82,Florida,90708.19,202,995.6773267326734,449.05044554455446,356846.79000000004,266138.60000000003,1088498.28,0.45099997106303374,2026-01-31,2026-01
44069.95,51283.14,197029.42,California,89949.14,198,995.0980808080809,454.28858585858586,292382.51,202433.37,1079389.68,0.456526441584206,2026-02-28,2026-02
20229.59,65947.93,185265.1,New York,81229.06,186,996.0489247311829,436.715376344086,271442.62,190213.56,974748.72,0.4384477162725197,2026-03-31,2026-03
38558.51,82982.09,174999.3,California,81005.76,175,999.996,462.89005714285713,296539.9,215534.14,972069.1199999999,0.46289190871049196,2026-04-30,2026-04
28754.33,118546.05,172795.67,California,78239.91,173,998.8189017341041,452.2538150289017,320096.05000000005,241856.14000000004,938878.92,0.4527886028625601,2026-05-31,2026-05
27892.92,84710.77,164470.71,Florida,77798.83,165,996.7921818181818,471.5080606060606,277074.4,199275.57,933585.96,0.47302544021364046,2026-06-30,2026-06
23640.93,96189.63,148001.11,California,71498.49,149,993.2960402684563,479.85563758389264,267831.67,196333.18,857981.8800000001,0.483094282198289,2026-07-31,2026-07
15505.73,127382.3,35534.17,New York,69758.98,36,987.0602777777777,1937.7494444444444,178422.2,108663.22000000002,837107.76,1.9631520871319073,2026-08-31,2026-08
22177.74,154806.14,28334.72,California,65200.33,29,977.0593103448276,2248.28724137931,205318.6,140118.27000000002,782403.96,2.301075500304926,2026-09-30,2026-09
1000.23,124153.04,1903.93,New York,64926.08,2,951.965,32463.04,127057.19999999998,62131.11999999998,779112.96,34.10108564915727,2026-10-31,2026-10
1315.46,115816.21,297114.46,Florida,49490.75,298,997.028389261745,166.0763422818792,414246.13,364755.38,593889.0,0.1665713274271471,2026-11-30,2026-11
0.0,135426.92,0.0,California,42559.73,1,0.0,42559.73,135426.92,92867.19,510716.76,inf,2026-12-31,2026-12
542.05,51743.15,0.0,New York,35673.41,1,0.0,35673.41,52285.200000000004,16611.79,428080.92000000004,inf,2027-01-31,2027-01
0.0,116983.8,45173.06,California,14681.4,46,982.0230434782608,319.1608695652174,162156.86,147475.46,176176.8,0.3250034423171687,2027-02-28,2027-02
